<?xml version="1.0" encoding="UTF-8"?><rss version="2.0"
	xmlns:content="http://purl.org/rss/1.0/modules/content/"
	xmlns:wfw="http://wellformedweb.org/CommentAPI/"
	xmlns:dc="http://purl.org/dc/elements/1.1/"
	xmlns:atom="http://www.w3.org/2005/Atom"
	xmlns:sy="http://purl.org/rss/1.0/modules/syndication/"
	xmlns:slash="http://purl.org/rss/1.0/modules/slash/"
	>

<channel>
	<title>admin &#8211; HOPE FILLS UGANDA</title>
	<atom:link href="./index.html" rel="self" type="application/rss+xml" />
	<link>./../../../../index.html</link>
	<description>We empower Community</description>
	<lastBuildDate>Wed, 13 Nov 2024 16:34:36 +0000</lastBuildDate>
	<language>en-US</language>
	<sy:updatePeriod>
	hourly	</sy:updatePeriod>
	<sy:updateFrequency>
	1	</sy:updateFrequency>
	<generator>https://wordpress.org/?v=6.5</generator>
	<item>
		<title>Road to Eye-catching Landscape</title>
		<link>./../../../2024/11/13/road-to-eye-catching-landscape/index.html</link>
					<comments>./../../../2024/11/13/road-to-eye-catching-landscape/index.html#respond</comments>
		
		<dc:creator><![CDATA[admin]]></dc:creator>
		<pubDate>Wed, 13 Nov 2024 16:34:36 +0000</pubDate>
				<category><![CDATA[Uncategorized]]></category>
		<guid isPermaLink="false">./../../../../index.html?p=42</guid>

					<description><![CDATA[The new common language will be more simple and regular than the existing European languages. It will be as simple as Occidental; in fact, it will be Occidental. To an English person, it will seem like simplified English, as a skeptical Cambridge friend of mine told me what Occidental is. The European languages are members &#8230;<p class="read-more"> <a class="" href="./../../../2024/11/13/road-to-eye-catching-landscape/index.html"> <span class="screen-reader-text">Road to Eye-catching Landscape</span> Read More &#187;</a></p>]]></description>
										<content:encoded><![CDATA[<p>The new common language will be more simple and regular than the existing European languages. It will be as simple as Occidental; in fact, it will be Occidental. To an English person, it will seem like simplified English, as a skeptical Cambridge friend of mine told me what Occidental is. The European languages are members of the same family.</p>
]]></content:encoded>
					
					<wfw:commentRss>./../../../2024/11/13/road-to-eye-catching-landscape/feed/index.html</wfw:commentRss>
			<slash:comments>0</slash:comments>
		
		
			</item>
		<item>
		<title>Serious Problems with Cables in CIty</title>
		<link>./../../../2024/11/13/serious-problems-with-cables-in-city/index.html</link>
					<comments>./../../../2024/11/13/serious-problems-with-cables-in-city/index.html#respond</comments>
		
		<dc:creator><![CDATA[admin]]></dc:creator>
		<pubDate>Wed, 13 Nov 2024 16:34:35 +0000</pubDate>
				<category><![CDATA[Uncategorized]]></category>
		<guid isPermaLink="false">./../../../../index.html?p=41</guid>

					<description><![CDATA[The new common language will be more simple and regular than the existing European languages. It will be as simple as Occidental; in fact, it will be Occidental. To an English person, it will seem like simplified English, as a skeptical Cambridge friend of mine told me what Occidental is. The European languages are members &#8230;<p class="read-more"> <a class="" href="./../../../2024/11/13/serious-problems-with-cables-in-city/index.html"> <span class="screen-reader-text">Serious Problems with Cables in CIty</span> Read More &#187;</a></p>]]></description>
										<content:encoded><![CDATA[<p>The new common language will be more simple and regular than the existing European languages. It will be as simple as Occidental; in fact, it will be Occidental. To an English person, it will seem like simplified English, as a skeptical Cambridge friend of mine told me what Occidental is. The European languages are members of the same family.</p>
]]></content:encoded>
					
					<wfw:commentRss>./../../../2024/11/13/serious-problems-with-cables-in-city/feed/index.html</wfw:commentRss>
			<slash:comments>0</slash:comments>
		
		
			</item>
		<item>
		<title>Montain and Winter Cold Weather</title>
		<link>./../../../2024/11/13/montain-and-winter-cold-weather/index.html</link>
					<comments>./../../../2024/11/13/montain-and-winter-cold-weather/index.html#respond</comments>
		
		<dc:creator><![CDATA[admin]]></dc:creator>
		<pubDate>Wed, 13 Nov 2024 16:34:35 +0000</pubDate>
				<category><![CDATA[Uncategorized]]></category>
		<guid isPermaLink="false">./../../../../index.html?p=40</guid>

					<description><![CDATA[If several languages coalesce, the grammar of the resulting language is more simple and regular than that of the individual languages. The new common language will be more simple and regular than the existing European languages. It will be as simple as Occidental; in fact, it will be Occidental.]]></description>
										<content:encoded><![CDATA[<p>If several languages coalesce, the grammar of the resulting language is more simple and regular than that of the individual languages. The new common language will be more simple and regular than the existing European languages. It will be as simple as Occidental; in fact, it will be Occidental.</p>
]]></content:encoded>
					
					<wfw:commentRss>./../../../2024/11/13/montain-and-winter-cold-weather/feed/index.html</wfw:commentRss>
			<slash:comments>0</slash:comments>
		
		
			</item>
		<item>
		<title>Hello world!</title>
		<link>./../../../2024/11/13/hello-world/index.html</link>
					<comments>./../../../2024/11/13/hello-world/index.html#comments</comments>
		
		<dc:creator><![CDATA[admin]]></dc:creator>
		<pubDate>Wed, 13 Nov 2024 15:42:54 +0000</pubDate>
				<category><![CDATA[Uncategorized]]></category>
		<guid isPermaLink="false">./../../../../index.html?p=1</guid>

					<description><![CDATA[Welcome to WordPress. This is your first post. Edit or delete it, then start writing!]]></description>
										<content:encoded><![CDATA[
<p>Welcome to WordPress. This is your first post. Edit or delete it, then start writing!</p>
]]></content:encoded>
					
					<wfw:commentRss>./../../../2024/11/13/hello-world/feed/index.html</wfw:commentRss>
			<slash:comments>1</slash:comments>
		
		
			</item>
	</channel>
</rss>
